{
  "steps": [
    50,
    100,
    500,
    1000,
    2000,
    5000,
    10000,
    20000
  ],
  "freeze0_improvement": [
    3.9762,
    5.0686,
    9.2489,
    12.0631,
    15.4898,
    17.6981,
    16.6666,
    14.6618
  ],
  "freeze4_improvement": [
    3.456,
    4.4603,
    8.2703,
    10.8417,
    14.2001,
    17.451,
    17.6969,
    17.0154
  ],
  "freeze0_loss": [
    2.545619,
    2.51666,
    2.405839,
    2.331234,
    2.24039,
    2.181847,
    2.209193,
    2.262342
  ],
  "freeze4_loss": [
    2.559411,
    2.532785,
    2.431781,
    2.363612,
    2.274582,
    2.1884,
    2.18188,
    2.199947
  ],
  "crossover_steps": 10000,
  "base_loss": 2.65103,
  "eval_protocol": "corrected: per-domain bs=4 seq_len=512 equal-weight-avg",
  "seed": 42,
  "model": "EleutherAI/pythia-410m@step10000",
  "timestamp": "2026-03-22T11:38:26Z"
}