{
  "seed": 137,
  "revision": "step10000",
  "eval_heldout": {
    "base": {
      "code": 1.930127,
      "science": 2.587029,
      "fiction": 2.735977,
      "mixed": 2.484754
    },
    "code_spec": {
      "code": 1.77082,
      "science": 2.589796,
      "fiction": 2.653436,
      "mixed": 2.571311
    },
    "science_spec": {
      "code": 1.9189,
      "science": 2.291391,
      "fiction": 2.580399,
      "mixed": 2.56913
    },
    "fiction_spec": {
      "code": 1.855351,
      "science": 2.573955,
      "fiction": 2.551808,
      "mixed": 2.447007
    },
    "weight_avg": {
      "code": 1.836499,
      "science": 2.450549,
      "fiction": 2.385157,
      "mixed": 2.347909
    },
    "moe": {
      "code": 1.724431,
      "science": 2.330303,
      "fiction": 2.648679,
      "mixed": 2.18234
    }
  },
  "improvement_pct": 10.8159,
  "best_individual_mixed": 2.447007,
  "moe_mixed": 2.18234,
  "router_distribution": {
    "code": [
      1.0,
      0.0,
      0.0
    ],
    "science": [
      0.0,
      0.9998,
      0.0002
    ],
    "fiction": [
      0.0002,
      0.0,
      0.9998
    ],
    "mixed": [
      1.0,
      0.0,
      0.0
    ]
  },
  "timestamp": "2026-03-16T19:58:58Z"
}