{
  "code": 2.0824,
  "science": 2.879199,
  "fiction": 3.058623,
  "mixed": 2.981701
}