{
  "steps": 2000,
  "freeze": 4,
  "seed": 42,
  "model_id": "EleutherAI/pythia-6.9b",
  "revision": "step10000",
  "eval_heldout": {
    "base": {
      "code": 1.888488,
      "science": 2.576374,
      "fiction": 2.495285,
      "mixed": 2.700397
    },
    "code_spec": {
      "code": 1.694191,
      "science": 2.606152,
      "fiction": 2.527675,
      "mixed": 2.677043
    },
    "science_spec": {
      "code": 2.013975,
      "science": 2.420425,
      "fiction": 2.637707,
      "mixed": 2.797327
    },
    "fiction_spec": {
      "code": 1.900635,
      "science": 2.584967,
      "fiction": 2.299402,
      "mixed": 2.62513
    },
    "weight_avg": {
      "code": 1.820599,
      "science": 2.463113,
      "fiction": 2.414025,
      "mixed": 2.646253
    },
    "moe": {
      "code": 1.694462,
      "science": 2.420263,
      "fiction": 2.299449,
      "mixed": 2.553243
    }
  },
  "base_mixed": 2.700397,
  "best_spec_mixed": 2.62513,
  "moe_mixed": 2.553243,
  "improvement_vs_spec": 2.7384,
  "improvement_vs_base": 5.4493,
  "router_distribution": {
    "code": [
      0.9998,
      0.0,
      0.0002
    ],
    "science": [
      0.0,
      0.9994,
      0.0006
    ],
    "fiction": [
      0.0001,
      0.0,
      0.9999
    ],
    "mixed": [
      0.9998,
      0.0,
      0.0002
    ]
  },
  "timestamp": "2026-03-18T15:40:41Z"
}