{
  "steps": 2000,
  "freeze": 4,
  "seed": 137,
  "model_id": "EleutherAI/pythia-6.9b",
  "revision": "step10000",
  "eval_heldout": {
    "base": {
      "code": 1.888488,
      "science": 2.576374,
      "fiction": 2.495285,
      "mixed": 2.700397
    },
    "code_spec": {
      "code": 1.69471,
      "science": 2.606338,
      "fiction": 2.527493,
      "mixed": 2.677585
    },
    "science_spec": {
      "code": 2.013451,
      "science": 2.420408,
      "fiction": 2.637129,
      "mixed": 2.796901
    },
    "fiction_spec": {
      "code": 1.902047,
      "science": 2.585185,
      "fiction": 2.299197,
      "mixed": 2.625281
    },
    "weight_avg": {
      "code": 1.820886,
      "science": 2.463425,
      "fiction": 2.414217,
      "mixed": 2.646756
    },
    "moe": {
      "code": 1.694714,
      "science": 2.420325,
      "fiction": 2.299265,
      "mixed": 2.553444
    }
  },
  "base_mixed": 2.700397,
  "best_spec_mixed": 2.625281,
  "moe_mixed": 2.553444,
  "improvement_vs_spec": 2.7364,
  "improvement_vs_base": 5.4419,
  "router_distribution": {
    "code": [
      0.9999,
      0.0,
      0.0
    ],
    "science": [
      0.0,
      0.9997,
      0.0002
    ],
    "fiction": [
      0.0006,
      0.0004,
      0.999
    ],
    "mixed": [
      0.9999,
      0.0,
      0.0
    ]
  },
  "timestamp": "2026-03-18T21:05:24Z"
}