{
  "steps": 2000,
  "freeze": 6,
  "seed": 42,
  "model_id": "EleutherAI/pythia-6.9b",
  "revision": "step10000",
  "eval_heldout": {
    "base": {
      "code": 1.888488,
      "science": 2.576374,
      "fiction": 2.495285,
      "mixed": 2.700397
    },
    "code_spec": {
      "code": 1.696541,
      "science": 2.602143,
      "fiction": 2.521031,
      "mixed": 2.674573
    },
    "science_spec": {
      "code": 2.001598,
      "science": 2.393261,
      "fiction": 2.619976,
      "mixed": 2.782753
    },
    "fiction_spec": {
      "code": 1.899314,
      "science": 2.585458,
      "fiction": 2.305394,
      "mixed": 2.627263
    },
    "weight_avg": {
      "code": 1.821544,
      "science": 2.463116,
      "fiction": 2.413941,
      "mixed": 2.646411
    },
    "moe": {
      "code": 1.696816,
      "science": 2.393133,
      "fiction": 2.305443,
      "mixed": 2.556253
    }
  },
  "base_mixed": 2.700397,
  "best_spec_mixed": 2.627263,
  "moe_mixed": 2.556253,
  "improvement_vs_spec": 2.7028,
  "improvement_vs_base": 5.3379,
  "router_distribution": {
    "code": [
      0.9998,
      0.0,
      0.0001
    ],
    "science": [
      0.0,
      0.9994,
      0.0006
    ],
    "fiction": [
      0.0001,
      0.0,
      0.9999
    ],
    "mixed": [
      0.9998,
      0.0,
      0.0001
    ]
  },
  "timestamp": "2026-03-18T07:35:01Z"
}