{
  "code": 1.835753,
  "science": 2.588247,
  "fiction": 2.694671,
  "mixed": 1.835753
}